Workbook

Sheet Overview
A1: Section | B1: Item | C1: Description
A2: Workbook | B2: Purpose | C2: Dataset for analysing installed photovoltaic capacity and its spatial distribution in Germany.
A3: Methodology | B3: Source | C3: Energy-Charts installed-power maps for Germany; values are extracted from regional map data.
A4: Methodology | B4: Capacity metric | C4: Absolute installed solar capacity from the solar_total map, in MWp.
A5: Methodology | B5: Density metric | C5: Installed solar capacity per area from the solar_per_area map, in kWp/km².
A6: Methodology | B6: Aggregation | C6: District values are assigned to states using the regional identifier and summed by state.
A7: Methodology | B7: Interpretation | C7: Capacity measures total deployment; density normalises deployment by geographic area for comparison between states.
A8: Workbook | B8: External figures | C8: The scripts in code/figures/ read this workbook and write the finished figures to results/figures/.
A9: Methodology | B9: Latest year | C9: The latest year is year-to-date: it holds the values of the latest Energy-Charts update, not a full year.
A10: Methodology | B10: Validation | C10: District and state capacity totals are compared with the national Energy-Charts total for every year.
A11: Methodology | B11: Units and areas | C11: Capacity: MWp. Density: kWp/km². State areas are Destatis land-area totals at 31 December 2024.
A12: Methodology | B12: District identifiers | C12: District ID preserves the exact Energy-Charts region identifier as text. It may be a map-specific key rather than an official AGS; retain it when matching geographic boundaries. State and District remain in columns A and B.
A13: Methodology | B13: State density | C13: State capacity (MWp) × 1000 / fixed state area (km²), in kWp/km²; Destatis land areas at 31 December 2024 (STATE_AREA_KM2 in data_preparation/read_workbook.py).

Sheet District capacity
A1: State | B1: District | C1: District ID | D1: 1999 (MWp) | E1: 2000 (MWp) | F1: 2001 (MWp) | G1: 2002 (MWp) | H1: 2003 (MWp) | I1: 2004 (MWp) | J1: 2005 (MWp) | K1: 2006 (MWp) | L1: 2007 (MWp) | M1: 2008 (MWp) | N1: 2009 (MWp) | O1: 2010 (MWp) | P1: 2011 (MWp) | Q1: 2012 (MWp) | R1: 2013 (MWp) | S1: 2014 (MWp) | T1: 2015 (MWp) | U1: 2016 (MWp) | V1: 2017 (MWp) | W1: 2018 (MWp) | X1: 2019 (MWp) | Y1: 2020 (MWp) | Z1: 2021 (MWp) | AA1: 2022 (MWp) | AB1: 2023 (MWp) | AC1: 2024 (MWp) | AD1: 2025 (MWp) | AE1: 2026 (MWp)
A2: Baden-Württemberg | B2: Alb-Donau-Kreis | C2: de-bw-08425000 | D2: 0 | E2: 0.2 | F2: 0.8 | G2: 1.9 | H2: 3.9 | I2: 10.2 | J2: 18.7 | K2: 25.7 | L2: 37.5 | M2: 58.6 | N2: 88.3 | O2: 142.2 | P2: 185.6 | Q2: 211.6 | R2: 226.4 | S2: 234.9 | T2: 238.2 | U2: 241.8 | V2: 250.6 | W2: 273.7 | X2: 294.6 | Y2: 319.5 | Z2: 349.8 | AA2: 388.8 | AB2: 499.5 | AC2: 598.3 | AD2: 656.8 | AE2: 684.5
A3: Baden-Württemberg | B3: Baden-Baden (Stadtkreis) | C3: de-bw-08211000 | D3: 0 | E3: 0.1 | F3: 0.2 | G3: 0.2 | H3: 0.3 | I3: 0.8 | J3: 2.7 | K3: 3.3 | L3: 3.8 | M3: 4.5 | N3: 6.4 | O3: 8.4 | P3: 10.4 | Q3: 11.6 | R3: 12.8 | S3: 15.3 | T3: 16.4 | U3: 16.8 | V3: 17.6 | W3: 18.9 | X3: 20.8 | Y3: 24 | Z3: 26.6 | AA3: 30 | AB3: 36.5 | AC3: 42.2 | AD3: 46.2 | AE3: 48.5
A4: Baden-Württemberg | B4: Biberach | C4: de-bw-08426000 | D4: 0 | E4: 0.1 | F4: 1.2 | G4: 3 | H4: 5 | I4: 9.7 | J4: 21.4 | K4: 31.7 | L4: 46.3 | M4: 71.5 | N4: 110.2 | O4: 156.4 | P4: 198.4 | Q4: 227.2 | R4: 241.2 | S4: 250.1 | T4: 255 | U4: 260.2 | V4: 274.3 | W4: 292 | X4: 312.5 | Y4: 341.9 | Z4: 367.3 | AA4: 393.6 | AB4: 456.1 | AC4: 560.1 | AD4: 709.8 | AE4: 757.8
A5: Baden-Württemberg | B5: Bodenseekreis | C5: de-bw-08435000 | D5: 0 | E5: 0.1 | F5: 0.7 | G5: 1.2 | H5: 2.5 | I5: 4.8 | J5: 7.8 | K5: 11.1 | L5: 15.2 | M5: 23.8 | N5: 39.8 | O5: 60.8 | P5: 76.7 | Q5: 86.7 | R5: 92.6 | S5: 97.3 | T5: 99.9 | U5: 103.3 | V5: 108.3 | W5: 114.8 | X5: 123.7 | Y5: 135.6 | Z5: 149.3 | AA5: 177.4 | AB5: 217.9 | AC5: 254.1 | AD5: 284 | AE5: 312.2
A6: Baden-Württemberg | B6: Breisgau-Hochschwarzwald | C6: de-bw-08315000 | D6: 0.2 | E6: 0.8 | F6: 1.7 | G6: 2.5 | H6: 3.8 | I6: 7.7 | J6: 12.9 | K6: 20.1 | L6: 26.6 | M6: 33.7 | N6: 47 | O6: 66.3 | P6: 85.7 | Q6: 99 | R6: 114.8 | S6: 118.7 | T6: 122.4 | U6: 125 | V6: 130.5 | W6: 140.7 | X6: 149.7 | Y6: 162 | Z6: 178.1 | AA6: 197 | AB6: 249.9 | AC6: 301.8 | AD6: 353.5 | AE6: 400.5
A7: Baden-Württemberg | B7: Böblingen | C7: de-bw-08115000 | D7: 0.1 | E7: 0.2 | F7: 0.6 | G7: 1 | H7: 1.6 | I7: 4.2 | J7: 7.5 | K7: 10.5 | L7: 15.1 | M7: 21 | N7: 32.4 | O7: 50.1 | P7: 69.3 | Q7: 83.7 | R7: 90.1 | S7: 95.2 | T7: 101.2 | U7: 105.3 | V7: 110.6 | W7: 118.1 | X7: 128.6 | Y7: 149.3 | Z7: 166 | AA7: 184.2 | AB7: 235.1 | AC7: 286.7 | AD7: 338.4 | AE7: 367.6
A8: Baden-Württemberg | B8: Calw | C8: de-bw-08235000 | D8: 0 | E8: 0.1 | F8: 0.5 | G8: 0.8 | H8: 1 | I8: 2.6 | J8: 5.7 | K8: 8.1 | L8: 11.5 | M8: 17.4 | N8: 25.8 | O8: 36.9 | P8: 47.4 | Q8: 55.7 | R8: 62.1 | S8: 66.2 | T8: 68.4 | U8: 71 | V8: 74.7 | W8: 79.3 | X8: 86.3 | Y8: 96.9 | Z8: 106.2 | AA8: 119.2 | AB8: 149.8 | AC8: 202.3 | AD8: 229.5 | AE8: 245.1
A9: Baden-Württemberg | B9: Emmendingen | C9: de-bw-08316000 | D9: 0.1 | E9: 0.3 | F9: 1.2 | G9: 1.7 | H9: 2.3 | I9: 5.1 | J9: 9.8 | K9: 13.4 | L9: 17.9 | M9: 22.8 | N9: 32.5 | O9: 52.8 | P9: 67.6 | Q9: 77.5 | R9: 83.6 | S9: 92.3 | T9: 96.1 | U9: 101.1 | V9: 105.3 | W9: 109.9 | X9: 117.3 | Y9: 127 | Z9: 139.2 | AA9: 152.8 | AB9: 186.3 | AC9: 220.6 | AD9: 244.7 | AE9: 266
A10: Baden-Württemberg | B10: Enzkreis | C10: de-bw-08236000 | D10: 0.1 | E10: 0.2 | F10: 0.6 | G10: 1.3 | H10: 2.6 | I10: 5.6 | J10: 10.6 | K10: 15.3 | L10: 19.6 | M10: 26.1 | N10: 35.3 | O10: 48.2 | P10: 61.3 | Q10: 70.1 | R10: 75.3 | S10: 78.5 | T10: 80.6 | U10: 83.3 | V10: 85.9 | W10: 90 | X10: 96.5 | Y10: 106 | Z10: 117.6 | AA10: 135.7 | AB10: 180.3 | AC10: 220.9 | AD10: 254.7 | AE10: 284.8
A11: Baden-Württemberg | B11: Esslingen | C11: de-bw-08116000 | D11: 0.1 | E11: 0.2 | F11: 0.8 | G11: 1.2 | H11: 1.7 | I11: 4 | J11: 8.7 | K11: 14.6 | L11: 20.9 | M11: 30.3 | N11: 43.2 | O11: 61.1 | P11: 79.7 | Q11: 93.1 | R11: 102.7 | S11: 109.4 | T11: 112.7 | U11: 115.9 | V11: 120.9 | W11: 127.7 | X11: 136.8 | Y11: 150.4 | Z11: 167.4 | AA11: 189.5 | AB11: 246 | AC11: 307 | AD11: 359.2 | AE11: 398.9
A12: Baden-Württemberg | B12: Freiburg im Breisgau (Stadtkreis) | C12: de-bw-08311000 | D12: 0.4 | E12: 1.4 | F12: 1.9 | G12: 2.3 | H12: 2.7 | I12: 4.6 | J12: 6.4 | K12: 8.8 | L12: 10.2 | M12: 12.9 | N12: 16.5 | O12: 21.4 | P12: 29.4 | Q12: 33.6 | R12: 36.3 | S12: 38.2 | T12: 39.1 | U12: 39.9 | V12: 42.7 | W12: 45.2 | X12: 49.5 | Y12: 52.4 | Z12: 56.4 | AA12: 64.2 | AB12: 78 | AC12: 94 | AD12: 102.6 | AE12: 114.2
A13: Baden-Württemberg | B13: Freudenstadt | C13: de-bw-08237000 | D13: 0 | E13: 0.2 | F13: 0.6 | G13: 1 | H13: 1.2 | I13: 3.1 | J13: 5.4 | K13: 7.5 | L13: 11.2 | M13: 16.8 | N13: 28.3 | O13: 40.2 | P13: 52.2 | Q13: 64.3 | R13: 68.3 | S13: 72.1 | T13: 75.1 | U13: 76.5 | V13: 79.7 | W13: 85 | X13: 90.5 | Y13: 99.3 | Z13: 110.4 | AA13: 123.3 | AB13: 158.2 | AC13: 181.4 | AD13: 218.7 | AE13: 229.7
... A401: Thuringia | B401: Weimarer Land | C401: de-th-16071000 | D401: 0 | E401: 0 | F401: 0.1 | G401: 0.1 | H401: 0.1 | I401: 0.2 | J401: 0.3 | K401: 0.6 | L401: 0.8 | M401: 10.5 | N401: 13.1 | O401: 28.8 | P401: 39.8 | Q401: 51.4 | R401: 66.9 | S401: 73.8 | T401: 74.7 | U401: 84.8 | V401: 86.6 | W401: 99.4 | X401: 111.1 | Y401: 119.9 | Z401: 132.7 | AA401: 136.8 | AB401: 156.1 | AC401: 171.4 | AD401: 192.9 | AE401: 200

Sheet State capacity
A1: State | B1: 1999 (MWp) | C1: 2000 (MWp) | D1: 2001 (MWp) | E1: 2002 (MWp) | F1: 2003 (MWp) | G1: 2004 (MWp) | H1: 2005 (MWp) | I1: 2006 (MWp) | J1: 2007 (MWp) | K1: 2008 (MWp) | L1: 2009 (MWp) | M1: 2010 (MWp) | N1: 2011 (MWp) | O1: 2012 (MWp) | P1: 2013 (MWp) | Q1: 2014 (MWp) | R1: 2015 (MWp) | S1: 2016 (MWp) | T1: 2017 (MWp) | U1: 2018 (MWp) | V1: 2019 (MWp) | W1: 2020 (MWp) | X1: 2021 (MWp) | Y1: 2022 (MWp) | Z1: 2023 (MWp) | AA1: 2024 (MWp) | AB1: 2025 (MWp) | AC1: 2026 (MWp)
A2: Baden-Württemberg | B2: 5.1 | C2: 12.6 | D2: 37.6 | E2: 66 | F2: 105 | G2: 228.2 | H2: 422.8 | I2: 615.4 | J2: 876.3 | K2: 1269.6 | L2: 1899.1 | M2: 2919.8 | N2: 3797.6 | O2: 4381.2 | P2: 4727.4 | Q2: 4973.5 | R2: 5135.1 | S2: 5277.8 | T2: 5483.1 | U2: 5791 | V2: 6232.1 | W2: 6850.1 | X2: 7475.5 | Y2: 8299.1 | Z2: 10322.3 | AA2: 12550.9 | AB2: 14722 | AC2: 16217.9
A3: Bavaria | B3: 9 | C3: 23.8 | D3: 62.4 | E3: 113.7 | F3: 186.7 | G3: 498.8 | H3: 894.5 | I3: 1189.7 | J3: 1647.1 | K3: 2345.2 | L3: 4066.9 | M3: 6479.4 | N3: 8315.3 | O3: 9704.1 | P3: 10542.4 | Q3: 10948 | R3: 11245.5 | S3: 11488.2 | T3: 11901.8 | U3: 12583.6 | V3: 13558.9 | W3: 14914.7 | X3: 16480.1 | Y3: 18682.7 | Z3: 22681 | AA3: 26853.8 | AB3: 31624.7 | AC3: 34617.9
A4: Berlin | B4: 1.1 | C4: 1.8 | D4: 2.8 | E4: 3.3 | F4: 3.6 | G4: 4.2 | H4: 5 | I4: 6.2 | J4: 7.8 | K4: 11.8 | L4: 22.4 | M4: 36.1 | N4: 49.1 | O4: 61.4 | P4: 67.3 | Q4: 77.6 | R4: 83.4 | S4: 86.5 | T4: 97 | U4: 104.4 | V4: 115.7 | W4: 135.5 | X4: 162.2 | Y4: 195.6 | Z4: 284.6 | AA4: 393.3 | AB4: 492.7 | AC4: 571.3
A5: Brandenburg | B5: 0.5 | C5: 0.8 | D5: 2.1 | E5: 2.9 | F5: 3.6 | G5: 7.1 | H5: 13.5 | I5: 22 | J5: 40.8 | K5: 78.3 | L5: 261.7 | M5: 665.6 | N5: 1652.1 | O5: 2562.8 | P5: 2747.4 | Q5: 2875.3 | R5: 3020.8 | S5: 3221.5 | T5: 3391.8 | U5: 3715.9 | V5: 4018.1 | W5: 4458 | X5: 4805.7 | Y5: 5635.5 | Z5: 6622.2 | AA5: 7973.5 | AB5: 8867.6 | AC5: 10132.9
A6: Bremen | B6: 0 | C6: 0 | D6: 0 | E6: 0.1 | F6: 0.1 | G6: 0.1 | H6: 0.3 | I6: 0.5 | J6: 0.6 | K6: 0.8 | L6: 1.2 | M6: 3.8 | N6: 4.6 | O6: 5.9 | P6: 6.8 | Q6: 7.2 | R6: 7.7 | S6: 7.8 | T6: 8.1 | U6: 8.6 | V6: 9.8 | W6: 10.6 | X6: 11.5 | Y6: 13.1 | Z6: 17.3 | AA6: 24.7 | AB6: 38.8 | AC6: 41.9
A7: Hamburg | B7: 1.3 | C7: 1.6 | D7: 1.9 | E7: 2 | F7: 2.2 | G7: 2.6 | H7: 3.1 | I7: 4 | J7: 4.7 | K7: 6.3 | L7: 9.5 | M7: 14.3 | N7: 24.3 | O7: 29.9 | P7: 33.5 | Q7: 35.1 | R7: 36.4 | S7: 37.9 | T7: 40.7 | U7: 44.6 | V7: 49.8 | W7: 59.2 | X7: 68.4 | Y7: 82.2 | Z7: 130.4 | AA7: 189.4 | AB7: 254.5 | AC7: 306.3
A8: Hesse | B8: 1.8 | C8: 4.8 | D8: 9 | E8: 12.5 | F8: 17.8 | G8: 50.9 | H8: 99.8 | I8: 155.5 | J8: 235.3 | K8: 348.5 | L8: 551.8 | M8: 891.3 | N8: 1237.2 | O8: 1513.7 | P8: 1669.8 | Q8: 1757.2 | R8: 1816.2 | S8: 1865.6 | T8: 1935.9 | U8: 2051.1 | V8: 2212.7 | W8: 2440.9 | X8: 2685.6 | Y8: 3071.7 | Z8: 3806.4 | AA8: 4714.5 | AB8: 5444.1 | AC8: 6051.7
A9: Lower Saxony | B9: 1.7 | C9: 4.5 | D9: 11.3 | E9: 15.7 | F9: 21.3 | G9: 56.8 | H9: 115.4 | I9: 180.5 | J9: 252.5 | K9: 368.6 | L9: 760.4 | M9: 1563.8 | N9: 2387.2 | O9: 3043.1 | P9: 3290.3 | Q9: 3426.8 | R9: 3519.5 | S9: 3597.9 | T9: 3707.7 | U9: 3901.2 | V9: 4239.6 | W9: 4652.7 | X9: 5094.5 | Y9: 5729.4 | Z9: 7273.2 | AA9: 8985 | AB9: 10608.9 | AC9: 11801.4
A10: Mecklenburg-Western Pomerania | B10: 0.5 | C10: 0.6 | D10: 2.7 | E10: 4.3 | F10: 4.9 | G10: 8.8 | H10: 15.2 | I10: 20.5 | J10: 29.7 | K10: 48.6 | L10: 109.3 | M10: 266.8 | N10: 557.5 | O10: 972 | P10: 1182.3 | Q10: 1278.5 | R10: 1386.2 | S10: 1520.3 | T10: 1670.5 | U10: 1887.9 | V10: 2117.9 | W10: 2483.7 | X10: 3074 | Y10: 3371.2 | Z10: 3785 | AA10: 4249.8 | AB10: 5074.8 | AC10: 5525.5
A11: North Rhine-Westphalia | B11: 13.5 | C11: 20.4 | D11: 34.6 | E11: 46.7 | F11: 58.2 | G11: 125.6 | H11: 214.5 | I11: 302.5 | J11: 426.9 | K11: 627.2 | L11: 1125.4 | M11: 2025.9 | N11: 2953.3 | O11: 3663 | P11: 4011.7 | Q11: 4204.8 | R11: 4339.6 | S11: 4482.2 | T11: 4662.5 | U11: 4945.6 | V11: 5433.6 | W11: 6036.6 | X11: 6672.5 | Y11: 7632.2 | Z11: 9914.2 | AA11: 12220.5 | AB11: 14336.7 | AC11: 15850.8
A12: Rhineland-Palatinate | B12: 1.7 | C12: 2.3 | D12: 6.2 | E12: 8.6 | F12: 13.6 | G12: 38.5 | H12: 85.2 | I12: 142.1 | J12: 217.9 | K12: 344.6 | L12: 537.2 | M12: 900.2 | N12: 1259.6 | O12: 1572.5 | P12: 1752.2 | Q12: 1851.6 | R12: 1929.4 | S12: 2027.8 | T12: 2102.6 | U12: 2210.8 | V12: 2350.9 | W12: 2536.3 | X12: 2806.5 | Y12: 3163.8 | Z12: 4188.3 | AA12: 5128.1 | AB12: 5958.6 | AC12: 6616.1
A13: Saarland | B13: 0.7 | C13: 1 | D13: 1.9 | E13: 2.2 | F13: 2.4 | G13: 12.1 | H13: 20 | I13: 26.8 | J13: 44.7 | K13: 68.5 | L13: 105.7 | M13: 171.2 | N13: 236 | O13: 318.9 | P13: 375 | Q13: 404.3 | R13: 414 | S13: 426.6 | T13: 453.2 | U13: 469.5 | V13: 491.6 | W13: 529 | X13: 607.3 | Y13: 707.2 | Z13: 873.9 | AA13: 1036.7 | AB13: 1181.8 | AC13: 1302.1
... A17: Thuringia | B17: 0.5 | C17: 1 | D17: 2.4 | E17: 3.4 | F17: 3.9 | G17: 7.7 | H17: 20.4 | I17: 33.9 | J17: 52.4 | K17: 90.9 | L17: 166.2 | M17: 321.1 | N17: 561.8 | O17: 876.9 | P17: 1008.8 | Q17: 1082.2 | R17: 1161.6 | S17: 1250.5 | T17: 1298.4 | U17: 1443.3 | V17: 1632.5 | W17: 1824.6 | X17: 2005.9 | Y17: 2152.7 | Z17: 2445.3 | AA17: 2806.9 | AB17: 3202.7 | AC17: 3552.7
A18: Total (Excel SUM) (MWp) | B18: =SUM(B2:B17) | C18: =SUM(C2:C17) | D18: =SUM(D2:D17) | E18: =SUM(E2:E17) | F18: =SUM(F2:F17) | G18: =SUM(G2:G17) | H18: =SUM(H2:H17) | I18: =SUM(I2:I17) | ... AC18: =SUM(AC2:AC17)
A19: Energy-Charts total (MWp) | B19: 39.6 | C19: 78.4 | D19: 181.5 | E19: 290.5 | F19: 434.3 | G19: 1087.1 | H19: 2009.7 | I19: 2852 | J19: 4099.3 | K19: 6070.8 | L19: 10506.2 | M19: 18068 | N19: 26027.6 | O19: 32871 | P19: 35987.7 | Q19: 37749.4 | R19: 39162.9 | S19: 40657 | T19: 42321.7 | U19: 45273.3 | V19: 49282.8 | W19: 54425.9 | X19: 60130.9 | Y19: 67694 | Z19: 83087.6 | AA19: 100338.4 | AB19: 117662.9 | AC19: 130279.1
A20: Difference (MWp) | B20: =B18-B19 | C20: =C18-C19 | D20: =D18-D19 | E20: =E18-E19 | F20: =F18-F19 | G20: =G18-G19 | H20: =H18-H19 | I20: =I18-I19 | ... AC20: =AC18-AC19
A21: Status | B21: =IF(ABS(B20)<=0.000001,"OK","CHECK") | C21: =IF(ABS(C20)<=0.000001,"OK","CHECK") | D21: =IF(ABS(D20)<=0.000001,"OK","CHECK") | E21: =IF(ABS(E20)<=0.000001,"OK","CHECK") | F21: =IF(ABS(F20)<=0.000001,"OK","CHECK") | G21: =IF(ABS(G20)<=0.000001,"OK","CHECK") | H21: =IF(ABS(H20)<=0.000001,"OK","CHECK") | I21: =IF(ABS(I20)<=0.000001,"OK","CHECK") | ... AC21: =IF(ABS(AC20)<=0.000001,"OK","CHECK")

Sheet District density
A1: State | B1: District | C1: District ID | D1: 1999 (kWp/km²) | E1: 2000 (kWp/km²) | F1: 2001 (kWp/km²) | G1: 2002 (kWp/km²) | H1: 2003 (kWp/km²) | I1: 2004 (kWp/km²) | J1: 2005 (kWp/km²) | K1: 2006 (kWp/km²) | L1: 2007 (kWp/km²) | M1: 2008 (kWp/km²) | N1: 2009 (kWp/km²) | O1: 2010 (kWp/km²) | P1: 2011 (kWp/km²) | Q1: 2012 (kWp/km²) | R1: 2013 (kWp/km²) | S1: 2014 (kWp/km²) | T1: 2015 (kWp/km²) | U1: 2016 (kWp/km²) | V1: 2017 (kWp/km²) | W1: 2018 (kWp/km²) | X1: 2019 (kWp/km²) | Y1: 2020 (kWp/km²) | Z1: 2021 (kWp/km²) | AA1: 2022 (kWp/km²) | AB1: 2023 (kWp/km²) | AC1: 2024 (kWp/km²) | AD1: 2025 (kWp/km²) | AE1: 2026 (kWp/km²)
A2: Baden-Württemberg | B2: Alb-Donau-Kreis | C2: de-bw-08425000 | D2: 0.033138272 | E2: 0.11931324 | F2: 0.60603069 | G2: 1.3783865 | H2: 2.852386 | I2: 7.4870803 | J2: 13.781655 | K2: 18.887196 | L2: 27.622757 | M2: 43.120423 | N2: 64.980023 | O2: 104.66231 | P2: 136.62642 | Q2: 155.78071 | R2: 166.63111 | S2: 172.89478 | T2: 175.35235 | U2: 177.96499 | V2: 184.44881 | W2: 201.46513 | X2: 216.8425 | Y2: 235.17059 | Z2: 257.45526 | AA2: 286.18286 | AB2: 367.70719 | AC2: 440.40261 | AD2: 483.42996 | AE2: 503.84134
A3: Baden-Württemberg | B3: Baden-Baden (Stadtkreis) | C3: de-bw-08211000 | D3: 0.034239247 | E3: 0.75183679 | F3: 1.2644982 | G3: 1.4876953 | H3: 1.9857336 | I3: 5.3732791 | J3: 19.452871 | K3: 23.597646 | L3: 27.298252 | M3: 32.436158 | N3: 45.685477 | O3: 59.934161 | P3: 74.074385 | Q3: 82.609073 | R3: 90.950225 | S3: 109.05127 | T3: 117.13383 | U3: 119.77413 | V3: 125.61342 | W3: 134.87566 | X3: 148.27178 | Y3: 171.08488 | Z3: 189.88091 | AA3: 213.78401 | AB3: 260.32527 | AC3: 301.11046 | AD3: 329.79809 | AE3: 345.9843
A4: Baden-Württemberg | B4: Biberach | C4: de-bw-08426000 | D4: 0.034330836 | E4: 0.079208525 | F4: 0.88027768 | G4: 2.1449181 | H4: 3.5259996 | I4: 6.8558978 | J4: 15.169325 | K4: 22.513097 | L4: 32.829153 | M4: 50.730503 | N4: 78.154739 | O4: 110.98651 | P4: 140.74111 | Q4: 161.19311 | R4: 171.10099 | S4: 177.45132 | T4: 180.89735 | U4: 184.58348 | V4: 194.59703 | W4: 207.15402 | X4: 221.73615 | Y4: 242.58922 | Z4: 260.56474 | AA4: 279.22132 | AB4: 323.5606 | AC4: 397.35272 | AD4: 503.54696 | AE4: 537.66149
A5: Baden-Württemberg | B5: Bodenseekreis | C5: de-bw-08435000 | D5: 0.062307264 | E5: 0.20367947 | F5: 1.0566527 | G5: 1.8005295 | H5: 3.7582803 | I5: 7.2778675 | J5: 11.683694 | K5: 16.653432 | L5: 22.810992 | M5: 35.750445 | N5: 59.823009 | O5: 91.488172 | P5: 115.35852 | Q5: 130.34613 | R5: 139.3704 | S5: 146.39765 | T5: 150.29801 | U5: 155.4543 | V5: 162.93038 | W5: 172.76457 | X5: 186.02292 | Y5: 203.99971 | Z5: 224.5527 | AA5: 266.8943 | AB5: 327.71251 | AC5: 382.25365 | AD5: 427.17321 | AE5: 469.64914
A6: Baden-Württemberg | B6: Breisgau-Hochschwarzwald | C6: de-bw-08315000 | D6: 0.15798363 | E6: 0.60364719 | F6: 1.216243 | G6: 1.8324308 | H6: 2.7579887 | I6: 5.5821819 | J6: 9.3839246 | K6: 14.606036 | L6: 19.309533 | M6: 24.465706 | N6: 34.077378 | O6: 48.09268 | P6: 62.192174 | Q6: 71.83904 | R6: 83.323186 | S6: 86.092716 | T6: 88.782876 | U6: 90.688458 | V6: 94.705646 | W6: 102.08854 | X6: 108.60472 | Y6: 117.56718 | Z6: 129.2011 | AA6: 142.90362 | AB6: 181.34242 | AC6: 218.94051 | AD6: 256.46493 | AE6: 290.58438
A7: Baden-Württemberg | B7: Böblingen | C7: de-bw-08115000 | D7: 0.17682471 | E7: 0.38688671 | F7: 1.0505787 | G7: 1.693292 | H7: 2.6305793 | I7: 6.8327161 | J7: 12.132938 | K7: 16.935003 | L7: 24.362316 | M7: 34.033464 | N7: 52.500652 | O7: 81.117565 | P7: 112.19724 | Q7: 135.46459 | R7: 145.89615 | S7: 154.16718 | T7: 163.73985 | U7: 170.37777 | V7: 179.03904 | W7: 191.14378 | X7: 208.1901 | Y7: 241.62682 | Z7: 268.78118 | AA7: 298.10802 | AB7: 380.55596 | AC7: 464.1182 | AD7: 547.83533 | AE7: 595.07327
A8: Baden-Württemberg | B8: Calw | C8: de-bw-08235000 | D8: 0.051587252 | E8: 0.1664639 | F8: 0.57082367 | G8: 0.97543178 | H8: 1.2945816 | I8: 3.3153169 | J8: 7.2073838 | K8: 10.144072 | L8: 14.480242 | M8: 21.799231 | N8: 32.38019 | O8: 46.26324 | P8: 59.39987 | Q8: 69.823575 | R8: 77.920489 | S8: 83.04165 | T8: 85.791451 | U8: 89.091862 | V8: 93.658798 | W8: 99.487376 | X8: 108.19536 | Y8: 121.57704 | Z8: 133.18636 | AA8: 149.46531 | AB8: 187.92862 | AC8: 253.78367 | AD8: 287.88046 | AE8: 307.36815
A9: Baden-Württemberg | B9: Emmendingen | C9: de-bw-08316000 | D9: 0.20094145 | E9: 0.49884084 | F9: 1.7480936 | G9: 2.4399691 | H9: 3.3335143 | I9: 7.5289703 | J9: 14.388916 | K9: 19.692205 | L9: 26.265377 | M9: 33.611014 | N9: 47.769167 | O9: 77.724772 | P9: 99.391255 | Q9: 113.95338 | R9: 122.90588 | S9: 135.83223 | T9: 141.29715 | U9: 148.70039 | V9: 154.88564 | W9: 161.65419 | X9: 172.5656 | Y9: 186.77303 | Z9: 204.80731 | AA9: 224.70032 | AB9: 274.08303 | AC9: 324.54266 | AD9: 359.93711 | AE9: 391.33967
A10: Baden-Württemberg | B10: Enzkreis | C10: de-bw-08236000 | D10: 0.092154812 | E10: 0.30126918 | F10: 1.1122995 | G10: 2.2819038 | H10: 4.5475854 | I10: 9.7269491 | J10: 18.504137 | K10: 26.588201 | L10: 34.225303 | M10: 45.505795 | N10: 61.522868 | O10: 84.015077 | P10: 106.90946 | Q10: 122.22671 | R10: 131.19284 | S10: 136.93489 | T10: 140.598 | U10: 145.29804 | V10: 149.75893 | W10: 156.82802 | X10: 168.31442 | Y10: 184.78904 | Z10: 204.95822 | AA10: 236.55737 | AB10: 314.39623 | AC10: 385.15976 | AD10: 444.08081 | AE10: 496.5076
A11: Baden-Württemberg | B11: Esslingen | C11: de-bw-08116000 | D11: 0.10251372 | E11: 0.35772206 | F11: 1.1727373 | G11: 1.8830074 | H11: 2.6768463 | I11: 6.3130645 | J11: 13.533046 | K11: 22.734102 | L11: 32.533338 | M11: 47.191717 | N11: 67.350415 | O11: 95.222182 | P11: 124.34763 | Q11: 145.13193 | R11: 160.18433 | S11: 170.66164 | T11: 175.80331 | U11: 180.76689 | V11: 188.60384 | W11: 199.11028 | X11: 213.30034 | Y11: 234.47392 | Z11: 261.04429 | AA11: 295.55087 | AB11: 383.65247 | AC11: 478.79009 | AD11: 560.16514 | AE11: 622.10914
A12: Baden-Württemberg | B12: Freiburg im Breisgau (Stadtkreis) | C12: de-bw-08311000 | D12: 2.3654404 | E12: 9.0649307 | F12: 12.55935 | G12: 15.256665 | H12: 17.688853 | I12: 30.239415 | J12: 42.120844 | K12: 57.517244 | L12: 66.905044 | M12: 84.064454 | N12: 108.12453 | O12: 139.93919 | P12: 191.90315 | Q12: 219.57204 | R12: 237.4526 | S12: 249.32716 | T12: 255.57749 | U12: 260.84511 | V12: 279.13429 | W12: 295.48972 | X12: 323.7048 | Y12: 342.13602 | Z12: 368.36639 | AA12: 419.20064 | AB12: 509.85104 | AC12: 614.37519 | AD12: 670.56228 | AE12: 746.42557
A13: Baden-Württemberg | B13: Freudenstadt | C13: de-bw-08237000 | D13: 0.027711397 | E13: 0.19426126 | F13: 0.70769991 | G13: 1.190764 | H13: 1.3860823 | I13: 3.606875 | J13: 6.1974092 | K13: 8.5987994 | L13: 12.890824 | M13: 19.271312 | N13: 32.456837 | O13: 46.142925 | P13: 59.989256 | Q13: 73.876036 | R13: 78.465053 | S13: 82.785687 | T13: 86.286875 | U13: 87.926179 | V13: 91.599789 | W13: 97.657577 | X13: 104.02367 | Y13: 114.07702 | Z13: 126.83131 | AA13: 141.60304 | AB13: 181.74474 | AC13: 208.37824 | AD13: 251.22496 | AE13: 263.88122
... A401: Thuringia | B401: Weimarer Land | C401: de-th-16071000 | D401: 0.021352924 | E401: 0.037015215 | F401: 0.098031026 | G401: 0.12661595 | H401: 0.15654336 | I401: 0.21935412 | J401: 0.41135392 | K401: 0.73361799 | L401: 1.0344906 | M401: 13.042471 | N401: 16.270915 | O401: 35.818508 | P401: 49.518064 | Q401: 63.845536 | R401: 83.132234 | S401: 91.765575 | T401: 92.886498 | U401: 105.3598 | V401: 107.61304 | W401: 123.53772 | X401: 138.12847 | Y401: 149.07171 | Z401: 164.90547 | AA401: 170.06136 | AB401: 194.06353 | AC401: 213.10359 | AD401: 239.8389 | AE401: 248.57863

Sheet State density
A1: State | B1: Area (km²) | C1: 1999 (kWp/km²) | D1: 2000 (kWp/km²) | E1: 2001 (kWp/km²) | F1: 2002 (kWp/km²) | G1: 2003 (kWp/km²) | H1: 2004 (kWp/km²) | I1: 2005 (kWp/km²) | J1: 2006 (kWp/km²) | K1: 2007 (kWp/km²) | L1: 2008 (kWp/km²) | M1: 2009 (kWp/km²) | N1: 2010 (kWp/km²) | O1: 2011 (kWp/km²) | P1: 2012 (kWp/km²) | Q1: 2013 (kWp/km²) | R1: 2014 (kWp/km²) | S1: 2015 (kWp/km²) | T1: 2016 (kWp/km²) | U1: 2017 (kWp/km²) | V1: 2018 (kWp/km²) | W1: 2019 (kWp/km²) | X1: 2020 (kWp/km²) | Y1: 2021 (kWp/km²) | Z1: 2022 (kWp/km²) | AA1: 2023 (kWp/km²) | AB1: 2024 (kWp/km²) | AC1: 2025 (kWp/km²) | AD1: 2026 (kWp/km²)
A2: Baden-Württemberg | B2: 35748 | C2: ='State capacity'!B2*1000/$B2 | D2: ='State capacity'!C2*1000/$B2 | E2: ='State capacity'!D2*1000/$B2 | F2: ='State capacity'!E2*1000/$B2 | G2: ='State capacity'!F2*1000/$B2 | H2: ='State capacity'!G2*1000/$B2 | I2: ='State capacity'!H2*1000/$B2 | J2: ='State capacity'!I2*1000/$B2 | ... AD2: ='State capacity'!AC2*1000/$B2
A3: Bavaria | B3: 70542 | C3: ='State capacity'!B3*1000/$B3 | D3: ='State capacity'!C3*1000/$B3 | E3: ='State capacity'!D3*1000/$B3 | F3: ='State capacity'!E3*1000/$B3 | G3: ='State capacity'!F3*1000/$B3 | H3: ='State capacity'!G3*1000/$B3 | I3: ='State capacity'!H3*1000/$B3 | J3: ='State capacity'!I3*1000/$B3 | ... AD3: ='State capacity'!AC3*1000/$B3
A4: Berlin | B4: 891 | C4: ='State capacity'!B4*1000/$B4 | D4: ='State capacity'!C4*1000/$B4 | E4: ='State capacity'!D4*1000/$B4 | F4: ='State capacity'!E4*1000/$B4 | G4: ='State capacity'!F4*1000/$B4 | H4: ='State capacity'!G4*1000/$B4 | I4: ='State capacity'!H4*1000/$B4 | J4: ='State capacity'!I4*1000/$B4 | ... AD4: ='State capacity'!AC4*1000/$B4
A5: Brandenburg | B5: 29654 | C5: ='State capacity'!B5*1000/$B5 | D5: ='State capacity'!C5*1000/$B5 | E5: ='State capacity'!D5*1000/$B5 | F5: ='State capacity'!E5*1000/$B5 | G5: ='State capacity'!F5*1000/$B5 | H5: ='State capacity'!G5*1000/$B5 | I5: ='State capacity'!H5*1000/$B5 | J5: ='State capacity'!I5*1000/$B5 | ... AD5: ='State capacity'!AC5*1000/$B5
A6: Bremen | B6: 420 | C6: ='State capacity'!B6*1000/$B6 | D6: ='State capacity'!C6*1000/$B6 | E6: ='State capacity'!D6*1000/$B6 | F6: ='State capacity'!E6*1000/$B6 | G6: ='State capacity'!F6*1000/$B6 | H6: ='State capacity'!G6*1000/$B6 | I6: ='State capacity'!H6*1000/$B6 | J6: ='State capacity'!I6*1000/$B6 | ... AD6: ='State capacity'!AC6*1000/$B6
A7: Hamburg | B7: 755 | C7: ='State capacity'!B7*1000/$B7 | D7: ='State capacity'!C7*1000/$B7 | E7: ='State capacity'!D7*1000/$B7 | F7: ='State capacity'!E7*1000/$B7 | G7: ='State capacity'!F7*1000/$B7 | H7: ='State capacity'!G7*1000/$B7 | I7: ='State capacity'!H7*1000/$B7 | J7: ='State capacity'!I7*1000/$B7 | ... AD7: ='State capacity'!AC7*1000/$B7
A8: Hesse | B8: 21116 | C8: ='State capacity'!B8*1000/$B8 | D8: ='State capacity'!C8*1000/$B8 | E8: ='State capacity'!D8*1000/$B8 | F8: ='State capacity'!E8*1000/$B8 | G8: ='State capacity'!F8*1000/$B8 | H8: ='State capacity'!G8*1000/$B8 | I8: ='State capacity'!H8*1000/$B8 | J8: ='State capacity'!I8*1000/$B8 | ... AD8: ='State capacity'!AC8*1000/$B8
A9: Lower Saxony | B9: 47710 | C9: ='State capacity'!B9*1000/$B9 | D9: ='State capacity'!C9*1000/$B9 | E9: ='State capacity'!D9*1000/$B9 | F9: ='State capacity'!E9*1000/$B9 | G9: ='State capacity'!F9*1000/$B9 | H9: ='State capacity'!G9*1000/$B9 | I9: ='State capacity'!H9*1000/$B9 | J9: ='State capacity'!I9*1000/$B9 | ... AD9: ='State capacity'!AC9*1000/$B9
A10: Mecklenburg-Western Pomerania | B10: 23294 | C10: ='State capacity'!B10*1000/$B10 | D10: ='State capacity'!C10*1000/$B10 | E10: ='State capacity'!D10*1000/$B10 | F10: ='State capacity'!E10*1000/$B10 | G10: ='State capacity'!F10*1000/$B10 | H10: ='State capacity'!G10*1000/$B10 | I10: ='State capacity'!H10*1000/$B10 | J10: ='State capacity'!I10*1000/$B10 | ... AD10: ='State capacity'!AC10*1000/$B10
A11: North Rhine-Westphalia | B11: 34112 | C11: ='State capacity'!B11*1000/$B11 | D11: ='State capacity'!C11*1000/$B11 | E11: ='State capacity'!D11*1000/$B11 | F11: ='State capacity'!E11*1000/$B11 | G11: ='State capacity'!F11*1000/$B11 | H11: ='State capacity'!G11*1000/$B11 | I11: ='State capacity'!H11*1000/$B11 | J11: ='State capacity'!I11*1000/$B11 | ... AD11: ='State capacity'!AC11*1000/$B11
A12: Rhineland-Palatinate | B12: 19858 | C12: ='State capacity'!B12*1000/$B12 | D12: ='State capacity'!C12*1000/$B12 | E12: ='State capacity'!D12*1000/$B12 | F12: ='State capacity'!E12*1000/$B12 | G12: ='State capacity'!F12*1000/$B12 | H12: ='State capacity'!G12*1000/$B12 | I12: ='State capacity'!H12*1000/$B12 | J12: ='State capacity'!I12*1000/$B12 | ... AD12: ='State capacity'!AC12*1000/$B12
A13: Saarland | B13: 2572 | C13: ='State capacity'!B13*1000/$B13 | D13: ='State capacity'!C13*1000/$B13 | E13: ='State capacity'!D13*1000/$B13 | F13: ='State capacity'!E13*1000/$B13 | G13: ='State capacity'!F13*1000/$B13 | H13: ='State capacity'!G13*1000/$B13 | I13: ='State capacity'!H13*1000/$B13 | J13: ='State capacity'!I13*1000/$B13 | ... AD13: ='State capacity'!AC13*1000/$B13
... A17: Thuringia | B17: 16202 | C17: ='State capacity'!B17*1000/$B17 | D17: ='State capacity'!C17*1000/$B17 | E17: ='State capacity'!D17*1000/$B17 | F17: ='State capacity'!E17*1000/$B17 | G17: ='State capacity'!F17*1000/$B17 | H17: ='State capacity'!G17*1000/$B17 | I17: ='State capacity'!H17*1000/$B17 | J17: ='State capacity'!I17*1000/$B17 | ... AD17: ='State capacity'!AC17*1000/$B17
